size,product,bad_winograd,good_winograd
101,23.04713700,23.10028000,19.48659500
201,199.53655900,191.50602500,156.05946000
301,653.65077000,650.97895400,535.23752000
401,1625.69624600,1633.80264400,1331.79177500
501,3295.49082900,3363.90729600,2702.37849600
601,5886.34526600,6034.57134900,4863.69247000
701,9664.31852300,9781.15727700,8039.56718700
801,14855.55541700,15110.44329600,12477.65650800
901,21483.38911900,21818.22948000,18126.33664900
1001,29756.94948100,30313.03802300,25429.57026500
