len,matrix,damerau_matrix
10,0.0472756,0.0233616
20,0.0478761,0.0763991
30,0.106974,0.0991381
40,0.159155,0.170072
50,0.24294,0.351331
60,0.436508,0.392301
70,0.614052,0.498952
80,0.600738,0.701186
90,0.776267,1.07136
100,1.3964,1.42846
200,5.74174,6.92012
300,13.2496,13.7461
400,23.107,22.9783
500,26.5478,30.5103
600,33.5727,36.0928
700,45.7702,49.2277
800,59.5794,64.1255
900,75.3062,81.1656
1000,93.3559,100.582
