len,matrix,damerau_matrix,damerau_recursive
2,0.00280376,0.00293882,0.001849
3,0.00404252,0.00427016,0.00486
4,0.00581271,0.00592851,0.019472
5,0.00728198,0.00783907,0.093345
6,0.0117668,0.0133925,0.501891
7,0.0145187,0.0150317,2.56465
8,0.0150719,0.0154015,14.1558
9,0.0175882,0.0184566,100.05
10,0.0472756,0.0233616,461.319
