len,matrix,damerau_matrix
100,1.3964,1.42846
200,5.74174,6.92012
300,13.2496,13.7461
400,23.107,22.9783
500,26.5478,30.5103
600,33.5727,36.0928
700,45.7702,49.2277
800,59.5794,64.1255
900,75.3062,81.1656
1000,93.3559,100.582
